user_id,carbon_footprint_kg,water_usage_liters,waste_generated_kg,transportation_km,renewable_energy_percent,eco_activities_count,daily_temperature_celsius,recycling_rate_percent,consumption_level,eco_score,eco_impact_category
39,34.23981571892435,283.5955952068052,9.486332590644935,16.36838014653015,74.98507644364662,6,14.826564955403972,24.945820429323227,Low,85.91117576469165,Good
29,7.162651588866518,322.9221475560191,17.23241525634289,27.379130751410653,41.267532608339664,13,21.400557652978662,71.71205684721936,High,50.00582591910867,Good
15,47.71155792161237,444.25280715629356,13.317766727707012,92.8317532848577,64.6096175005063,16,22.26228161858445,85.61324990137435,Medium,67.48932030541548,Average
43,44.90061742841214,314.02788757346343,15.236305375983548,67.59822755863554,64.64500901246069,17,5.664244264178883,35.67687116232726,High,23.906638407502967,Average
8,16.74021305037713,173.78514856754242,15.819029985202045,49.60478386798866,88.80390643601179,12,33.353425662680266,75.74644454507177,High,75.80404210112165,Good
21,5.688704313067314,219.83836470659082,11.08720787407432,1.2714889986893518,59.869240231909735,19,25.8988181365217,29.507234926430936,Low,76.00055449620984,Excellent
39,47.004633863576736,223.97477050744436,11.77940942053919,99.24154004894702,50.21536099619869,19,19.87111250695673,29.88571352590308,Medium,31.259802490830012,Average
19,27.546794776186665,258.9272461830392,11.25192562055705,67.14549348946433,13.8871326396517,17,32.993817032249254,10.705717855418605,Low,41.06826330102828,Average
23,29.271985178002815,270.7155621346998,12.585050805621426,31.692247734494494,11.573760667870536,3,18.172866957524853,44.00580465093987,Medium,20.969027743020085,Average
11,35.778369622916344,419.9128088297078,2.529100023617131,87.92686599978381,15.432156528307939,0,34.41306710811115,72.97119064974223,Low,97.65610233229043,Average
11,32.71330239754612,239.7547996197332,9.119273057282275,25.84316202918181,17.18484813270945,17,20.368542717304553,94.02208055712849,High,64.56025770584117,Good
24,47.47512220523407,287.2927313765517,12.911396844101088,54.40165791827516,63.78770926636339,0,8.428573099939385,60.379699192909605,Low,93.45438807155155,Average
36,47.49132187063253,349.9903948204209,12.759024174605559,63.607076372982505,74.09812502745785,12,27.94402917377832,86.3135537735739,Medium,30.338554362913317,Average
40,44.02395200997517,251.0903789760677,16.27320970290137,22.106337145372844,52.999152292641874,19,25.366931752335216,82.24946492902271,Medium,78.18909129968897,Average
24,33.6381618850705,434.62592531693315,13.790168098977954,97.83972788005958,82.9017732545491,19,28.189601639167602,17.334305297528086,High,76.5858643884742,Average
3,41.042718260707986,334.98144169362973,19.858399694132103,74.81919059789975,99.12632267336332,9,33.543260861770435,48.58174289126315,Medium,69.16556518665415,Average
22,35.472575407234174,217.61787168838862,7.1093815149556105,55.781322551106996,82.0012629119356,10,28.294679079530543,11.692353552539148,Low,96.56389752668004,Average
2,30.801516875237,385.6236799159313,8.464718533992166,18.059459817530087,69.48823736759591,8,23.340098066499408,68.2153161561635,High,39.355533610631554,Good
24,10.782515895525957,311.0590920579143,8.909248733620334,5.385820699802613,53.24926994371466,8,30.719267070825225,94.98996682460759,Medium,13.07173235897573,Good
44,41.50418795312014,313.7823565028988,10.384630526364473,32.005983252098346,44.88530716747082,4,25.197393180635945,13.70894580787565,Medium,67.17088592440608,Average
30,41.928776408477994,292.4351793550344,17.04796514806177,75.31873359134028,8.439238054454234,0,17.243571704777693,73.38831308025414,Low,72.93098004772062,Poor
38,33.16728515457078,298.8047795284996,6.244257691265777,26.933129830202507,39.93687483946909,16,31.568592927253196,63.2238150867861,Low,57.506057345881466,Good
2,41.91920796970706,406.14251242649624,15.96800372663773,53.95562204955051,91.01346367821343,1,11.657013823531186,58.36050370080997,High,20.681789313339628,Average
21,34.31681473360046,141.1925917325262,9.29558329554338,72.79471767307432,80.8022629906553,12,26.439238247261727,39.012023468833924,Medium,50.445594166935535,Good
33,14.300796194453543,233.74512452419287,12.833396905916153,10.794371464646435,21.60513650116872,8,31.44690364822271,35.513164775381256,Low,31.21897365691294,Good
12,17.32825072945102,130.20134552155568,13.38572959807351,68.52980161158733,46.660778469721585,3,26.939495591098886,4.524918901888785,High,42.746652816668906,Average
22,14.656510386876835,401.2984882989803,8.711275469400821,9.18708877100447,81.67232025585446,4,25.918262571615706,21.790870825201345,Medium,64.52185758446639,Good
44,21.976658745258913,208.92074188811978,11.227073693704494,96.51297421269966,6.738455478552252,10,27.57914882215508,1.5176882286826898,Medium,74.52147426908346,Average
25,6.753340953960514,458.9721639275537,9.434561143658545,48.839413006493956,38.73925856686593,18,18.95165744901933,58.14171055820205,High,23.22246909013431,Good
49,32.821424795205175,310.63138666371754,3.24439015135915,15.067610770987738,85.18412368739476,2,31.22512046471078,10.585323587790885,High,40.532536064695336,Good
27,20.144939669992695,420.2999085944484,9.868976998702877,34.23836360335465,40.389786417012374,11,11.103094254082736,87.30193940297161,Low,26.91615709916292,Good
42,34.507518592133394,491.5725742463845,3.753081065963939,41.34164492952615,7.761464473144086,18,8.821592480010178,52.314302069716526,Medium,19.86316138618691,Average
28,22.342847943450426,435.9155437826282,9.290374383445787,75.81850110765373,54.253436853225146,18,13.565263403555347,69.96899090587084,Medium,78.33872199958384,Average
16,35.67261510377554,446.7975040046094,12.672531196972074,74.34237860766093,86.17424949182954,12,20.947321903249794,41.08570918404965,Medium,90.92526944369924,Average
15,20.3281056258908,263.1937981459379,12.429468188183014,61.194050533733105,59.02855429531597,6,20.31685386228014,56.057980900104866,High,37.02321856845767,Average
47,16.731253770615638,320.6890381037359,13.927183022149766,10.593071255849296,22.627910821423182,14,29.6179627302976,94.26591769666305,Low,75.12789243737669,Good
44,27.32168544320328,201.5554256173217,3.714707143183273,15.15693715876736,38.423962013738134,6,17.137059692120523,8.273403962367077,Medium,89.69952893644111,Good
3,36.180066141137274,178.44523987738114,13.738218419547882,9.375692064555663,45.01233611819322,7,19.53033278874526,25.393777192369615,High,84.61242105302316,Average
37,20.67514720039388,302.2031516424135,7.6186650205360475,57.71727832875501,57.92663538205268,4,5.4010304977818695,77.99883269105443,Medium,18.28133885392259,Good
7,47.149166833506825,338.01959188016826,9.182827030468,87.71384415114039,75.93510257526131,13,17.292177093288174,9.873720688266586,Low,95.62918815133614,Average
21,6.763384700404082,235.7084983584764,17.4437525706087,43.38005122547718,9.88736176406354,3,24.433226988510263,7.566110390411085,Medium,37.66764404294625,Average
9,23.807571427201044,327.77740710540013,2.1625472743319047,16.08481739577462,88.96520330175663,9,5.465249918797765,36.15413987540386,Low,33.92406611738363,Good
39,48.541124818411134,454.9841930054012,12.591427400130899,55.804232514896704,1.230970301607559,19,13.426458955587313,9.216795847243231,Low,6.2431327277780335,Poor
18,29.65873474616393,322.6886339133464,12.776851641801937,81.17522168657099,37.005233467425526,14,11.238690778681697,58.507844220620306,Medium,48.6173654104883,Average
4,24.056192403865335,388.32523852420263,9.139875974184115,74.171206151293,2.7420309972657653,17,6.259562867287647,22.627525081659982,Medium,10.90136156409287,Average
25,30.583412768748126,422.12598694316205,6.266501427950051,88.14507796750213,39.297422534529126,19,19.377802697436124,89.56979631993724,Low,24.853982092742598,Average
14,30.91660588661381,495.4915127821771,6.22413268870792,27.790209724886783,52.58125988733238,12,10.451698796844695,78.35000808452567,High,31.694262176728138,Average
9,37.92414898848381,341.2789608707918,17.906774053893546,19.395386726777485,51.16813865815117,7,27.292446188941405,69.97052060994761,Low,80.8826323491684,Average
26,10.746037824010951,422.7400595850344,9.956438728091435,87.98164859419387,16.562834702826535,8,30.437836512900454,61.694402738450194,Medium,87.54886503958966,Average
2,16.250740214724708,485.05972742194984,7.956008533805095,65.75603127780231,64.57405100956123,15,21.367555480074433,86.34657303414633,Medium,30.246631746146967,Good
20,31.124480555475944,477.7638902309094,10.077996328965256,31.092893000755417,4.477845050466822,18,34.45122027563424,22.30620615427569,High,85.86981212445738,Average
28,44.02024732443749,156.43273951108543,14.049027226268505,74.23480505725092,76.19068201324154,15,18.51435714411786,87.31088427642277,Low,85.72309373697911,Average
47,30.284001146469812,262.55692330940883,4.6236182284055305,81.51183844803678,94.66444339935462,6,20.401046306747467,78.94922984240523,Low,76.46509503848735,Good
7,15.736858690565308,229.59602444271985,10.089809033847278,61.497824034113236,33.97688271511179,13,34.67653261873251,74.81608263876855,Low,14.669511401518154,Good
44,35.59301509551106,134.77000598013973,12.581918679986964,68.78841098799151,51.72393817143319,13,11.946453078951464,56.1255678074924,Medium,69.0322846900729,Average
8,38.295894220131856,353.29630996438425,19.074500387325806,37.52599044426663,37.891027805881436,3,33.276378190307156,24.62441609706001,Low,94.50240645805688,Poor
47,15.720626858179076,394.36184527840095,6.545500077357547,53.86956673430391,0.6710390304059954,14,6.285126653573397,42.35479159918963,High,68.2540478767157,Average
35,21.997799877933268,439.2512381867534,8.46651346249242,52.415917072616224,38.587450289511594,2,18.391606707895843,79.35706545388015,Medium,33.16168491078339,Average
14,29.044736308875354,149.1107558650834,8.828454618603628,84.80477911307719,79.17202592613465,4,7.100105363991974,3.1778484357324444,Medium,50.05793174308313,Average
17,27.345253580738497,450.57763035011754,12.899686837607891,83.99639802821825,59.59888421834818,0,26.87704228740929,78.20507692637582,Low,64.57250433510536,Average
36,22.532813879864158,357.1702254457013,8.42117695472003,83.26804693470432,10.125991461515893,2,23.252268076400533,24.00707404875665,High,51.05704087285036,Average
40,18.39358285291899,381.57845405540377,11.60321465539452,1.1031614262465794,84.7139489693785,14,26.199027904027893,14.430920072160303,Medium,11.995294173096982,Good
4,9.499319922283853,464.24960141612155,16.07222593721053,74.95454844688882,53.108534488524285,7,16.23441199904051,11.570131818030216,Medium,31.206404465202063,Average
2,7.406838353631601,349.90450841730046,14.696940694019665,75.86763901110048,84.17233617446762,3,16.08445802094141,2.725001195081511,Low,80.23960305536325,Average
6,48.134367359743926,234.34634285993403,10.03463563722654,67.83788228551418,58.02215187850294,1,6.359578368826838,52.35864852214529,Low,86.14180460955174,Average
42,43.12144148430154,430.0429325690639,17.55589119813504,75.62646578914526,55.96884448379399,9,15.498348185889194,21.82598726937295,High,13.730003271557024,Poor
4,20.97073357082243,245.2236848780362,12.046524492689532,84.19703714967088,10.52591851970124,3,32.87865206786178,98.94317657796316,Low,95.23867523987246,Average
29,48.05603983069054,113.69124432821165,11.718305111039825,47.03190541017857,16.735973313862797,2,16.37679611541347,57.443675587220575,High,32.88226178486093,Average
18,35.454645699093646,432.2618026260999,2.615379786904847,50.20502134884472,97.20252564965911,1,29.9410311866591,13.788526935601041,Medium,66.231373873072,Average
26,26.71344273391891,238.07685795251024,19.76047364642891,12.471405691139047,22.848674675477078,16,30.269765142498024,68.87625408113654,High,75.18251459566811,Average
44,27.186154599731225,409.5338092805361,4.213474553533281,38.53758830473618,97.7452117990368,19,16.197234691377012,89.77435665097254,High,81.19462346378835,Good
34,8.747798503786683,245.10315786637818,6.160356423697639,64.33651799117843,53.19127065242634,12,23.95966041188567,74.51794953696144,High,94.57497022259301,Good
10,9.126686626631649,444.42720798988864,2.9305430703474853,78.03997761472745,13.578904706393713,4,7.861148068191759,7.6439861039447665,Medium,31.29195480288226,Average
36,32.109841665550356,187.80421003238348,13.520053403064447,21.720909769121054,9.930220275369294,8,8.110357422028294,89.58841811926595,Low,85.85064545515544,Average
14,29.916637355561033,489.81890607954796,6.04462118550824,13.78228991592354,20.886407070574,5,6.459729909851399,79.39293858599648,Medium,13.168690343620703,Average
31,14.572755276090303,411.90350991521234,5.240187874509023,66.30420045004922,92.56373300253358,4,22.430452801253285,15.830390010561434,Low,70.50409063535928,Good
48,47.57875442967606,145.69517036815873,3.594000516018345,0.18798835249106416,41.41502243282268,9,17.78212932878291,5.1785888732816865,High,74.19777295139859,Good
15,40.15832227120411,326.3106479866242,3.859561228232282,17.837258430732984,39.54342679929144,7,21.440970699927203,55.73105753143085,High,67.77232412013204,Average
8,10.105907090785161,494.14692489669386,12.524072607966596,2.9071380343953734,31.320626107017404,6,20.632195715251633,15.60358113399769,High,25.2314736135153,Average
14,46.891809755928165,288.42618107752577,14.387741585598718,16.688511785487094,14.706185056658839,6,15.506089732721907,83.4590952595272,High,87.30431470152034,Average
23,48.841169384048456,172.8428555286333,9.152821792359218,18.131927992550523,48.78511971924064,5,25.324202444704188,35.833465667167374,High,16.8858463370395,Average
40,49.81690589136481,293.91134686013845,10.638147468657317,38.76735947503942,13.00477825111387,19,27.75505642749172,91.28924447365753,Low,5.363479152083084,Average
21,7.514201960480752,304.9830623527686,14.347419247693715,40.2327124686556,83.54802363823276,2,5.438847766330271,56.56881721410058,Low,71.74649906119122,Good
16,38.166600055595396,396.6747776914662,2.3128362233386337,87.42624706102377,37.03969862753065,18,11.21726899306635,18.267238423966813,High,47.54757152327337,Average
45,29.5662096574245,379.53834126436175,7.816351827265014,51.010971249882516,37.48035677817963,14,26.397076042500103,13.95988673598001,Medium,84.90980199586761,Average
18,36.76241677454125,261.02001743879225,19.515759465266235,72.34047656122863,47.40064284831559,3,16.598605179015024,57.64724375577539,Medium,38.3397141058259,Poor
47,48.58933747883607,187.2092429976346,12.442020134518424,10.413735792028744,44.41277131657516,11,24.874518408248246,76.18836118624439,High,16.827858850771282,Average
24,35.96135045787676,358.0216671077318,6.576042438154879,22.543875546369385,99.48579730593215,5,15.408879792036753,78.15056477421821,Low,83.64421924698698,Good
26,42.66337434068182,268.6815738213127,11.391140839451836,70.29434409786768,54.53811212183025,18,16.722654569889112,27.575740444128126,Medium,54.89096316400717,Average
25,44.00909173898786,152.91048445013217,8.167762786176477,5.280396046852809,8.820170378987068,3,9.760366210690547,20.424675891216747,Medium,18.91957923903549,Average
45,42.73163436937933,460.22892049455425,11.580409798873385,48.65976622437531,60.687734157692994,14,12.7469305899848,1.6756304492382412,Medium,72.03839985864458,Average
41,24.17411637711235,376.48874304386175,4.263347212519679,59.936896566293385,15.158429286987996,8,23.162352725227617,67.91991512011694,High,51.111363848950056,Average
29,15.015938790696374,373.2735425781926,4.388863768746993,60.214564405248105,3.0937644731341973,4,17.99489333945499,7.656825843353898,Medium,60.431298224031984,Average
15,22.849322087941335,429.03355036466957,4.583762516709071,2.293281126804203,97.07421536772482,12,28.229080488337853,42.07612017659258,Medium,46.089833820658185,Good
45,45.13536089495495,311.86467146203245,18.91675625468315,32.21080042291855,77.3538891534564,17,30.577548648150284,60.16821640182961,Medium,82.87089838180064,Average
1,11.597216976141148,426.0217713609828,15.192180530144153,63.6490651049154,98.01089924137669,4,21.249392546502797,93.71089449196771,Medium,82.95627156830498,Good
25,28.09967759115768,299.2363014044023,4.922874103921776,14.899973614924345,47.78784480222424,15,27.748018761681774,31.180213695576864,Low,70.93888218243862,Good
7,15.495263259103751,126.87015996628404,5.3902835077808255,69.54156483280532,53.225753114897614,18,14.207135395837101,24.977216244651977,High,10.540137739646227,Good
9,31.158743775205203,262.0992352110755,15.154930547675775,74.59252088136745,16.833695591913024,13,17.449136462002347,65.41601542860984,High,83.88538619040689,Average
24,43.84123348950517,298.9859575919562,4.810949206259131,98.19691904461453,24.69074266675856,15,26.38333028650493,61.923903205358165,Low,67.10129805329098,Average
1,44.61619858872876,388.08103265291834,6.222103280026916,20.984199485640943,83.85492149028282,14,16.58635978451092,33.21097833081246,Low,69.70241660042996,Average
44,15.650833715693544,142.63149205146973,19.340242990767184,82.51306676661152,35.61856471175942,3,22.655148054769665,92.81018355097865,High,36.298284040387166,Average
8,45.84621678568458,156.0074154641796,6.595517445111773,52.0296576918654,82.6814973796419,6,10.561183372475345,84.48623274896327,Medium,87.92795561570067,Average
24,31.634993246957794,205.47352105384658,13.90938230668064,37.34625961441734,70.90137242870318,15,22.99313944911494,22.398254586508116,Medium,72.53716002348575,Good
11,20.75982110151411,206.5993573483529,19.61536317320955,12.237675732517793,17.71709252718655,7,30.845411216806806,23.91425454345232,High,11.259046652919446,Average
17,36.86815380124399,392.873831383625,8.737341808516268,73.55056064875376,50.744636611974215,16,31.059189194702768,51.23003468870806,Medium,40.77780344061627,Average
8,26.67501445838519,200.2922642246391,2.31528783551712,23.585759914368708,67.73873215187169,15,26.73033218988619,77.35721017307203,Low,88.63803619601417,Good
35,22.00944155550145,353.239225342979,6.394651227602736,37.142200187304574,23.50372148038251,9,27.372601372283782,4.4040379388464395,Medium,4.719670169737899,Average
35,36.7287963933497,297.7095400553086,16.955789444150696,6.254222689736844,83.06885105200769,9,21.73782335452102,69.33351537347066,Medium,96.14166196420496,Average
33,16.19258694936296,329.31775127176024,17.56295904719066,80.13669158195191,54.48276575451868,1,22.540042704974745,64.82358973820969,Medium,67.91625683195628,Average
5,19.861363805859433,435.2427852713183,15.833348561428242,76.65885239716434,16.52420504426032,8,9.00951744231554,23.148009591298823,High,63.13759776433766,Average
42,24.55033300197221,261.7526006196097,4.035976743378314,73.36158300423125,58.29844261646024,16,18.315775652639033,68.13530132413487,Low,27.05592564879914,Good
39,16.415697824291243,408.3645508257082,16.319186690535258,29.94435104918867,99.9713804155914,10,18.523288516590917,94.01831912520827,Medium,24.879178873917706,Good
41,23.23409390516377,268.81442382027495,18.536200345883078,17.348007426595725,15.052149166341355,9,33.754935070032204,4.6785844971768515,High,94.20582194885955,Average
28,30.716286134225477,241.54855062449977,12.81097176583225,63.75532644702297,81.67569301195282,16,17.93260587869868,31.96520552920625,Medium,29.827245423412275,Good
7,38.34382374098007,483.4508709252882,18.935756414085166,49.616638411321944,20.730900318755797,3,21.48027934708273,43.817671666635526,Low,77.55052967189994,Poor
9,39.523768389885724,173.7483682715853,16.883099906813793,17.82524669046416,78.23883294600873,15,20.997541978373075,89.92603589246896,Medium,39.31217982070792,Good
8,42.02556583445119,136.13478423104314,14.005487305836331,68.59112710498637,73.45779231214132,19,24.102851511329813,96.22614466091566,Low,13.925407078470398,Average
12,38.48952456244841,408.3943702141914,12.389334260811466,99.11264318213037,30.048938560043236,14,27.446984939956877,44.41152464963323,Medium,1.071529769535895,Poor
34,35.64677421936091,127.29988214163663,8.27432601035547,74.72195877420377,32.58231175644498,4,11.751256285126164,75.00284121421912,Low,54.42573370152508,Average
33,15.687791208161148,434.8315962812118,4.867174014370493,73.99863866856118,79.25213919629192,5,20.861732572953073,53.1661023764483,Medium,97.57788185489326,Good
48,23.010030179241117,274.8773585428974,12.889170608429735,95.03127529305917,46.14455118873126,16,29.777531219480913,53.77829347413765,Low,36.91361938092045,Average
23,26.497170089610247,466.2054709167656,7.726007965126151,20.29363675749022,73.08180287118088,0,18.893441415125345,27.809951506635645,Medium,35.719233399304485,Average
24,8.73010947620094,388.6131444487622,17.595896015497615,56.55499649214404,14.798414736583476,18,13.35372639120719,21.69562458638795,Medium,34.40916178494421,Average
37,28.776655458374414,344.16186680318305,19.880064872455314,97.96467150338835,85.25577819015535,3,24.64127226068897,28.800534592404116,High,52.054383730485846,Average
35,24.63511242229502,479.7227188231063,15.543699727080305,16.529411097017455,71.08847166823192,16,29.713021873973688,55.63280072570793,High,44.06648834242935,Good
44,41.09491620620303,258.6597492208217,3.628670515166913,70.02519594445211,90.69428088348339,8,6.894208787821739,2.9155186022088997,Low,87.99146267270145,Average
40,49.00553009394219,481.63477461585325,7.196340719551486,58.5810145971902,13.237237903497245,1,28.303714502216813,90.72489443564058,Medium,50.55207917234903,Poor
22,30.020226738916303,154.00051096848279,3.963973371783495,58.647909218870694,59.30145003605977,7,29.649437988853137,15.628370954977623,Low,50.77578381885688,Good
27,19.520887472491268,293.5019767729651,13.709209660250885,69.76706275200752,59.912058504032515,14,18.845687827658203,22.008867687138654,High,13.83715947205566,Average
35,6.953035248417774,207.96448895687797,15.773435562004124,92.96169228756843,35.34607405467825,6,34.49916970455402,51.827617644764636,Low,98.27395409103859,Average
1,46.60894986006182,315.93711156327737,18.662146955852812,78.2581939851338,45.84664245692578,5,28.601250221219274,71.01147663372794,Low,24.99728908688297,Poor
35,46.36020718753967,164.80555115663384,9.887102235415778,5.613610341621,3.798156328985347,0,28.209876946869972,9.57290547443973,High,7.336406745960266,Average
37,16.384557559515848,436.61186412401736,18.224761692591997,85.27280198757113,74.5860038627012,14,27.435157232362155,31.76946975471622,Medium,66.31462489752089,Average
47,36.29350053979914,438.5631397258229,17.802040862743894,22.554132992573262,54.9322479403174,6,9.51824309654822,96.86746055743572,Low,59.53663701568727,Average
14,8.394554619039617,482.0945250893916,7.7095229017771745,37.6914164736372,5.774105186917378,16,11.516926593590323,26.23429667809457,High,41.514565399274574,Good
3,12.479694435916382,161.8688563532945,17.64021125973028,46.17328136123822,68.07558929604855,1,18.919703943932753,31.305014506314688,Medium,42.2192233880678,Good
1,14.756409796392106,349.3330203619963,8.762100533871077,48.090600075306966,46.67820772311879,8,12.920130498783976,83.64984906180335,High,78.50639210464311,Good
5,18.252227607774344,289.69492348014785,7.343646942085054,43.51803992553568,3.4461259425,8,17.457229170021215,5.021443169045526,Low,19.571264009964906,Average
26,49.81241187632168,237.75349281769329,13.683343858299075,93.73532942158644,96.96077268480954,12,31.65392329768762,46.46131688089709,Medium,82.02533189448897,Average
14,36.36162751387167,240.61606445368753,7.910862101931459,70.60190076640247,94.91121430894405,5,29.729806756378075,37.96167644516702,Medium,64.87471138950181,Average
39,22.289082412064896,265.1174202427009,13.343757469924595,63.117064595670634,51.290241614719754,5,23.901196354399467,31.658675990865113,High,41.89697737795244,Average
27,38.16953176293587,381.9702198755812,12.976972498976501,4.984202778294156,9.36724207059102,19,30.743611827533105,28.569959404476453,High,45.80286165838686,Average
9,46.186445375109784,339.31442330726185,12.141900692272259,90.39133302603747,75.46212215985918,19,28.513171670517476,9.13741048604092,High,25.66472071860958,Average
15,48.141608333353076,283.8726051044524,8.84755467619036,90.93901920083962,49.1931100105729,2,17.869547955226714,31.48258293516488,Medium,75.21143326969748,Poor
15,7.603875399096832,130.37336414784883,11.872994989726582,78.02130634301024,30.24474782893799,16,11.031954561498354,4.305240271566857,Medium,51.287474230526776,Good
26,22.753480937365843,131.10613763158284,12.736738549737588,0.7029203813619156,49.14181775285568,16,20.42603120028018,78.09638636444353,Low,32.08545427498436,Good
42,9.804022967114797,100.9357562503113,11.822363992918522,5.728025107762336,52.244414540546444,11,27.086866475856503,39.82277939580116,Medium,59.60501157609502,Good
13,20.104702915863342,487.0797552828346,9.999550149521628,22.522370226848977,56.27116990223392,15,18.09258796188779,44.39038323199116,Low,99.5734452051323,Good
32,12.635595675300449,102.10152742335397,2.264007026832749,13.134940814490669,44.12237136553265,14,25.003157293516917,89.35945864501316,High,43.52622796565539,Excellent
39,34.108176275092575,141.23749840549794,12.567110738620718,39.88360297037295,60.575530313905666,12,7.829822788731309,65.80549838612207,High,92.06914007786196,Good
49,22.472077279544248,225.83862272376436,5.031998932568953,92.26230580877896,91.87347106063774,0,27.440142091142103,0.8059103342119789,Medium,34.50168399245661,Average
32,15.322763556722736,422.97210072670447,13.566367441049414,47.206043419699824,36.226808709859114,16,29.38140859679186,94.3174822961285,High,5.4732706924985886,Good
4,16.96720662339075,484.83951430564707,15.668197902611588,1.340262643216561,72.5716463219949,2,26.205135673416233,23.714446597771122,High,20.424210636842886,Average
30,21.21552928423707,416.00542351674244,11.008015564353347,28.274568957876202,89.44525568242322,14,34.01790762579097,10.761418475985884,Medium,41.86951433276842,Good
37,16.697743828441823,376.22409297825624,11.76254596963529,4.459490837296154,45.597927575993694,3,29.799561723819213,76.81281783808822,Low,21.963492859456903,Good
23,25.395838107297397,308.52026696542777,19.12661407398784,3.6287622613502157,44.34558363819041,3,32.09281183629615,50.047731586671816,Medium,0.02270382182555375,Average
39,6.454217799934271,134.68208474487344,17.249012504706336,27.571985309555224,60.21169853547795,17,33.00713250372944,43.377056601801755,Low,91.50015377475272,Good
45,17.589357822602558,483.26831720157213,18.45625728712646,27.56123386789454,59.14067594224881,16,29.04043975621426,24.950307968274178,Medium,84.3879411230929,Average
15,23.50430243924838,403.3569655782726,16.647793189752555,78.7126602601604,80.6589342326277,18,25.227765260194975,54.74714898623186,Medium,74.22922314869471,Average
43,32.12518469104843,355.57975413370474,3.960530153241166,97.4834652781112,47.64833837782927,10,5.171557440823679,27.438460520258744,High,16.781459564602862,Average
29,17.193093913180846,403.61433821553993,4.681853407463505,37.12070938899983,99.61229496394411,19,18.97477259669374,90.15830052870676,Medium,12.036357620998606,Good
36,10.993330635068737,389.64133170925544,11.479228350841272,42.88868788610386,5.947156886728077,2,22.13486895867083,21.52044797331928,Medium,6.760474947238315,Average
13,8.429017081962343,354.8926319157947,6.4292538583639685,84.47894362860214,0.31678485807017376,7,14.12090817343999,88.43551504557536,Low,72.40291887729212,Average
32,47.32393222109226,492.2307200719953,10.580518550740866,26.813902009551338,64.01983115596238,13,14.543133407104161,55.940542572735694,High,92.88079606878853,Average
7,23.748757598231563,461.34552505440996,9.098575828730304,15.638180440344795,29.84349123618767,0,33.834782471304955,82.8488133895241,Low,43.053582091303696,Average
22,31.15231795313718,358.66596764686534,11.88945629174816,85.30896234036504,24.03823886994838,13,31.751325956082376,71.2845995860955,Low,11.914067199604816,Average
28,46.36294483260018,377.27008458276987,15.443762890444809,4.650058644006549,31.189908000428048,1,30.475370165051128,69.66951114367485,High,51.23928207321066,Average
2,8.723678901588777,120.63832266348399,14.87883632778694,61.96994401994157,25.60475651049543,3,17.18035405118332,32.43458076950557,High,34.88319074586301,Average
42,44.449766866660674,367.9669858200157,11.382214384736018,56.199284746680675,3.079004966044785,18,5.410956512267436,23.38969314722035,High,37.48249243499977,Average
45,29.82145426448315,117.66617508404008,16.803081538707048,34.59204475016943,97.15330423905887,5,7.406667393671422,21.088622768078814,Medium,62.13306241557073,Good
6,12.417541751165043,335.3055027879724,9.7555176476846,31.5189521097359,22.074548845278173,0,14.365891046528109,85.71916570595887,High,71.87181132622024,Average
28,23.506480246341606,499.7413998263339,18.140857217122203,77.18577261816213,73.40297625893064,16,5.47228738987031,82.042682025902,High,11.060359887316086,Average
28,39.99210276808515,322.3226325748718,3.28304486099295,8.642461076254648,76.25963946941752,7,5.514493457455943,44.057352801230735,High,3.5590230806476386,Good
44,26.61665368398596,289.28404723253334,19.183880540599535,23.67843093113854,92.92573980072292,18,32.49809904927233,13.24046134964546,Low,99.43303026857149,Good
44,49.337872279947696,225.14194260223502,13.784475465764267,73.24487318380898,3.0549457093379973,0,26.18475506357162,38.225225197745836,Low,23.272834891555185,Poor
20,21.953253647207333,148.20903151458577,8.841341160869696,54.83205837264242,87.20483384470077,4,14.26867970204458,61.93434541369114,Medium,5.383052490845907,Good
30,38.73102349892324,392.4094685833127,5.548774278311792,12.798820853358638,52.722618083980024,15,8.979337328028596,45.44031544799528,Low,18.987532909591998,Good
11,22.68452520404866,177.03961111425218,10.625298129984799,88.213561428206,63.25441099658279,5,20.349071536852314,78.0189268482995,Medium,3.895784634846422,Average
28,42.31238993179315,146.11280849891375,5.5020498173354175,39.34478465635915,64.44702771210336,7,5.160384825630934,99.76228222513855,Low,39.181089461717164,Good
25,30.608666112458643,268.705063892205,4.9939689393765585,82.78683753221728,81.97978049847275,12,33.15241231574432,19.113208844889684,High,80.24017844513243,Average
39,7.85803233155006,418.13673518363896,13.112331633433536,78.77130155277086,33.34073221591105,15,17.444453581668416,45.965081965957246,Low,34.124444975772064,Average
33,6.656984043619612,398.02581924808817,11.415525042472124,62.4425446471728,73.30511898599934,2,17.070048657119983,43.098390192082206,Medium,44.418340687836654,Good
1,11.023345346028494,121.95304585858997,14.06172862299695,49.448113129509295,52.85781097221971,18,16.717808227453467,30.44925327489508,Low,67.55867735674389,Good
27,5.6152384172148775,282.0574740144624,18.732905793595805,97.95508403817568,79.33940143053478,11,7.079849911632943,19.80955167202896,High,50.889407006988016,Average
13,8.391157715860803,308.9738304284676,11.580683840102722,14.496507237981703,99.05460327701334,15,24.149667193754798,6.569211648965922,Medium,86.14456860213242,Good
41,36.12714787260104,357.8186602503289,12.456776958730359,72.51557275511148,20.06510174037612,10,26.9901085888506,88.71193172236984,High,86.60356750457565,Average
3,29.04558237632584,360.06694017729126,3.613274104788958,19.1190701464789,99.46486415599979,9,25.283761927648708,41.98486976863176,High,0.9910695491153643,Good
39,38.74598372614873,245.87889978292233,14.917444146355331,33.82631053323484,8.9812154282774,19,9.153064799881829,49.68955185000489,Medium,77.80463064831991,Average
6,46.092458851593925,324.2708776014056,9.198293722474812,30.869874337319526,0.23175479048138659,3,22.365205041067778,91.69420482009158,High,46.073360024167386,Average
8,31.331728954646238,292.4247535376346,19.58105429592642,94.7035987738723,4.416193617783126,11,22.084534525167616,77.62904775159478,High,98.88405413036631,Poor
27,37.67543798323317,453.9993426093124,16.817132280721886,96.73561777882752,34.17824047367617,1,31.05232363824146,13.050126411718422,Low,48.323207587543514,Poor
9,39.06865409191052,312.10605305396007,11.40465872929013,18.301544423472716,63.290633067843416,18,16.37382975126941,56.54199676077424,High,98.68959453882975,Good
37,22.003274717410388,276.4128646992647,4.218007775098989,2.2035160297504186,6.902954088784963,4,16.14457830978303,44.22522765195591,High,75.45693612057366,Good
33,15.848817454833434,261.7941798727403,17.469484279050604,72.00080396631131,0.566581452956727,7,23.555811761545566,79.72110725787628,High,24.860488461330633,Average
42,14.227039782793621,328.9711037733863,16.39605971763239,41.798993387048434,93.70910284587947,6,23.99217960498539,72.42325476119493,High,53.83949792869577,Good
44,16.31490977803093,421.590791760359,5.322532331666594,8.884024508756438,82.19266359399296,13,19.07855681977371,69.0405721911072,Medium,99.21356394785828,Good
24,17.362930866165897,315.360596152315,7.315009205965581,68.37541055770426,80.9183171139031,2,18.291780869912632,34.05448354798969,Low,85.75306077519237,Good
15,14.32524420536254,364.6620700322166,16.281330646661072,54.51055282606997,88.4424275501977,17,19.82443011913648,80.49637303992544,High,9.73668937912211,Good
32,44.51993003656365,395.14230676261,5.334112037853374,98.0516822001106,70.00342727721043,15,30.831358985099357,5.239129559486122,High,70.6371996809996,Average
32,39.06496094775029,308.06724395149274,18.51954480508479,22.740949586137894,10.440412974808144,18,18.835007037617302,15.962490143216723,Medium,34.5579585870813,Average
24,7.110341050604896,270.72682266194573,9.641493653534514,40.397787632654826,39.9100188073723,18,33.19795375909467,33.56232729779117,High,0.6982261880348117,Good
41,17.09026169113883,450.6661511449798,3.5667013265778555,54.254580339542294,72.31494864646295,17,20.120112907889784,7.6807441069281275,Medium,40.34809690269996,Good
49,5.998313391363573,267.00243361115685,16.683475583077055,79.16999884533517,28.033446079152093,19,33.47602079542674,23.49942775346916,Low,23.47544217249713,Average
49,27.41743339906518,284.77714023023503,8.723174294690978,54.88386567200587,68.74063641362376,15,29.984957056072272,83.01509829979182,Low,81.88692705204716,Good
12,26.429481355505636,496.13652533671086,11.476985494768059,61.29001608619492,2.449844826765235,7,15.872939678474873,94.82515377900793,High,33.733060884576545,Average
39,42.411717052812556,100.09500943035383,4.021478199401945,22.614705158994074,30.613734087959322,0,30.90924263889848,30.46023557741905,High,82.7523693953817,Average
2,18.849975789697226,174.18916383068898,2.0465122672096827,84.69187280885599,54.91303362771727,16,8.301898526033456,26.451580398883824,High,0.05979388347953085,Good
3,41.737358084587804,253.5855559678903,13.483733704279357,42.86305469704757,63.208982950624225,11,32.751415260290436,27.98926522464269,Medium,30.781915002611914,Average
49,48.558819444792036,473.03596377010115,11.273153066007168,14.095962752176927,57.704066446191085,10,23.949305452486747,27.771908735084384,High,24.116521430776196,Average
37,8.978370051454096,128.0118822989884,12.68369424421665,66.41879145054173,69.77562760734295,4,6.631722455669335,3.593018218597299,High,23.3567361068611,Good
49,40.63180277613348,103.79417345139923,16.287389306849292,21.60904531853075,0.608874823983907,11,24.327701709524348,92.69163463311081,Low,6.81866197654627,Average
17,31.548015371193625,121.07353439089144,13.638906441611482,9.756251023929973,10.094119997752149,16,34.22742962434268,21.36981415703284,High,18.712427041050173,Average
49,26.60206851583138,135.41736424544726,5.145921970892789,86.19869084042723,86.89442522791451,5,7.094019638438867,42.0004074081405,Low,55.55495698856199,Good
2,23.92411003992838,115.03870928250434,8.493905343990797,46.016226448843966,68.17486440901612,0,21.64063129340259,0.9686882740967739,High,29.13610728377445,Good
2,40.31007187749393,291.9125307426019,18.306039886179686,74.92837126957764,11.29316426860113,4,27.433830492781173,85.79550909150572,Low,41.73947823291479,Poor
28,33.77126106384091,332.3028828909311,15.85900460453022,29.05875598063551,84.20744373985792,13,29.30775760098594,73.11573444549173,High,37.68668803471885,Average
23,41.22701003837128,208.67478842760164,12.01946704286091,78.69701349176663,24.22312178245669,4,17.414823959623874,94.67560351737032,Low,87.59049249998945,Average
37,45.64179764044818,259.3149535902542,6.601609960566901,11.193592702153033,47.825988419522346,0,11.12499677504729,78.1615479196399,Medium,90.52989990105155,Average
32,32.776867044378136,136.67973404457206,7.437089033026311,35.597337379485275,14.51965128846603,17,6.270268363171515,31.370651205206524,Low,49.295697165586006,Good
33,49.120822629157004,234.54818553136883,15.175245216541422,97.80618179735285,71.01100564217066,15,22.391784712916742,24.787335872842363,Low,33.01559503156044,Average
1,32.36395322938483,309.0076766538092,17.321136695349875,79.39897163680061,66.68544210142679,8,18.587332108028324,69.7716307553293,Low,10.680070400236364,Average
19,33.648994473002716,392.90872287385804,14.085644051551059,49.72559303146882,21.11124711661362,18,33.462331854491325,36.411277501049945,High,95.3402879382095,Average
2,29.966702384400154,101.33854481719169,16.57153956383195,33.97774715618851,86.34007668570018,4,6.818147231447293,56.621501575261654,High,6.022694490029745,Good
44,9.095094097309863,286.924306615061,15.799810433607307,87.21357000224765,40.13060242197122,1,25.561860303380172,0.6257471026470229,High,29.765027756828044,Average
26,37.68786646926027,218.80115058195287,4.694671423225239,54.48477590845157,29.25150910707418,14,5.748986663601715,6.188570168047525,Medium,29.806620117000413,Average
32,29.63508381046002,441.12872867676055,9.631006632439437,75.84250178691111,15.232958946453545,6,10.143025301316282,53.53679411816512,Medium,32.04012861402149,Average
6,25.2909701337247,386.22132609369675,4.7537084149141275,75.4107680316164,26.616801251553746,3,18.607369997685023,56.60716464481651,Low,16.428684327240926,Average
32,45.97120752814729,335.643413788358,6.234240526435727,1.794567856849183,2.2026921223816998,0,18.646173284086046,75.14529444593437,Medium,78.31614309236971,Average
4,18.408175319387773,210.90625827870943,17.646673243718944,12.625378279261346,58.32574924561156,12,25.571016288009318,13.196531962396174,Low,12.249786196598922,Good
11,28.562102420675505,464.1356408230137,10.512055381397278,65.96293663947422,84.22307463439479,19,32.3063910460327,51.31830837567788,Low,63.49066591531628,Average
17,36.39388421720585,118.04027088812927,11.636445833167896,16.161981128587144,54.898044944164184,6,24.170964767447625,19.44476444316886,Low,12.384602670581746,Average
38,40.841229905324475,143.78703947164607,5.212027374099899,25.54933446556047,21.927396192387572,14,33.606052935545264,9.319611956269469,Medium,7.053563759295656,Average
24,25.67060635757776,256.65205621614246,7.620892148878328,94.66379541996072,3.366917821387272,13,31.44846919633993,41.04957940605546,High,90.94295036858765,Average
5,42.894113675841936,149.77502291874254,6.144431031701659,56.01822583749119,21.462807325880284,18,22.534993865923706,16.333664808905723,Medium,19.01287663187057,Average
34,39.60129835919289,482.56627902377,5.711350961331675,75.07295069993472,41.61214280710923,19,30.013758527564818,22.17819781923186,Low,82.12501545597043,Average
6,7.980619003333963,419.19572885735334,13.483294279687462,55.798073878263985,75.96114286997965,17,24.27732830970902,31.755457986950177,Low,54.46308711071358,Good
22,7.063756988208483,203.59306064072547,6.623909257622866,55.25136147827252,18.784285253777412,9,7.356734927711814,25.938840074319625,Medium,7.78565196087696,Good
11,32.93625579899411,335.4216915892981,13.376278748367533,9.41519101256979,71.97914533546862,8,27.2169416977853,8.75912974059464,Low,95.54481914380675,Average
48,20.63360337014364,492.93220603203264,3.0521830539539705,34.3663192609103,86.69334683518836,7,7.847253238020386,8.99162448597023,Low,24.696116699189254,Good
16,14.410885598533138,453.6795912526012,4.5519390834878335,28.24308986865117,45.394684810835706,9,22.822483417091373,19.32494152341682,Medium,85.96453453526065,Good
33,31.08424705122823,340.3193785768792,6.941724572002257,39.07283656136132,82.14319916425933,16,26.079206175746865,5.055918795953895,Medium,16.88100057845642,Good
9,20.370344470544527,461.4895868701082,12.74684450412245,79.83441882243282,55.46573480350956,1,6.995828246325657,62.645701967692716,Medium,85.39428821418528,Average
6,29.17685375213315,495.67396392534357,14.165142411572768,37.19326679168648,63.709083708090496,5,11.923839617795952,28.732671650890197,Low,1.3228812905293985,Average
16,25.70536215426074,397.34112915744964,9.968905402031488,45.16968192316827,52.62784603382027,4,32.470166967849494,27.974596776907102,Low,51.178045656948065,Average
29,31.314474767711914,125.99456379315761,10.024236462390121,39.73813904853165,46.31727167513417,8,23.48943476698689,33.199829423776514,High,76.94425794215569,Average
3,23.013522000962663,260.632094570195,15.041303325175125,9.340797197529561,23.465344177584935,4,12.388580564315948,66.27962742097216,High,93.47955174927833,Average
20,36.39504081636193,435.1302941132982,2.284779651780484,44.10721582507837,30.319405946104606,17,25.720393134440197,87.06338814834905,Medium,90.92021362064871,Average
36,13.103027255718434,192.2276783220076,8.13962044053597,19.560927304451504,28.997011894360902,19,22.90329259885069,75.90869325556385,High,81.96248695476449,Good
19,36.34256598021855,432.25700710024984,16.73672702814619,18.672329577304147,56.328893095381474,8,20.04727099753845,72.75292302250949,Low,88.8191349661304,Average
26,23.524754646088766,148.13550481399838,12.8579493838407,9.403610443426636,11.995369302388992,16,34.28560924964251,48.43911856008493,High,19.92196858370765,Good
3,44.34429221844877,118.77814285912521,8.070088389597567,35.667097414176475,91.67916907023351,16,25.503613322225267,69.38055569674117,Low,28.418429571172876,Good
19,28.185622468889488,253.63624459649984,18.29944626193413,75.74818847894174,72.06551452831133,11,16.26323329003738,55.276236803358316,Medium,28.89685249210585,Average
20,48.78996571715469,114.69277497064544,15.907209094088886,27.644169058339607,40.14456309131936,6,29.00220296230604,21.62505281865289,Medium,37.70539310016988,Average
32,32.08709279934321,482.90810519333024,6.768118050261202,31.234910188551357,15.862414452637797,2,31.537498787635634,20.85883677410507,Low,39.33206703851887,Average
7,15.073207965784427,430.48227831758635,13.615217075462905,64.26746576724236,88.19921697216358,9,8.756616785504942,29.639200687528344,High,54.45553246546755,Average
41,41.98057865800021,420.30787485195003,12.72351310740122,19.58408125869189,82.37780901011652,1,11.016589335357995,91.08026709698133,Medium,15.987976336644138,Average
33,20.5287182520074,351.91116919846127,9.221382452701688,89.69579304235343,72.17215527171793,2,11.486810273833392,54.74148403797259,Medium,69.12466637859893,Average
40,20.642864651720757,186.52960921462142,8.605209425686411,52.01905232515544,27.154704741124235,15,25.73635428159621,73.39053770018694,High,16.75665393045065,Good
39,6.431210666832431,307.30414667055686,8.184088545962672,44.7602940320217,40.24466374336689,1,23.0911866515985,34.65587598165476,High,31.030848210454753,Good
18,29.69218891433339,338.9096289721364,13.108804101121642,55.78201919292014,10.274825245242337,9,23.569746940957646,40.771577066522525,Low,50.33451306061541,Average
40,29.049057667963535,310.0126003441073,9.963378856652051,16.603431341619547,18.903952472753172,5,33.22319899068503,12.556557863725137,High,79.64405615234773,Average
1,21.019616792239376,204.09334718061092,16.973536038525594,61.34731386391763,78.30166373167329,10,28.277345984219178,17.129495782167037,High,73.94692332387272,Average
11,45.23977683031666,306.09916972589036,14.052847090411314,36.31007366340104,71.50387188506838,6,8.838107735353496,82.73565548261456,High,64.55343564105223,Average
28,10.793677923483976,296.4745363474506,3.2587689027698143,89.7186340964619,59.34857629759347,14,15.425212472755431,58.483863168888206,Low,15.577326058017016,Good
25,19.854478098956996,498.5343103226897,13.523028028906989,16.885420667768614,89.57267259261728,5,18.06180938527207,33.75324658838189,Low,54.70453456155777,Good
23,19.471224410601305,458.97445921848157,6.880653857003327,50.705110386544106,58.32665178130454,19,16.878847662428146,80.2851208995546,Medium,8.744650179988545,Good
31,9.153076380293573,285.35229928624796,12.670615849761608,59.8112629369018,46.69679999636107,8,25.079258274856375,24.6519905637983,Low,37.73631767966508,Good
30,26.651542732533194,349.17495317404746,14.242374759862125,3.3383601786381223,34.03707463057627,19,31.756793097696878,97.60326986002038,Medium,41.35165302899592,Good
42,35.95031226932373,399.1486416368914,6.154925404772217,36.369312475614024,94.04485057361725,11,14.18154390568364,34.48176077461697,High,3.9811439445753827,Good
35,28.024565609626755,113.94606409352997,10.223455607846635,73.26352347008329,8.271546152435349,18,21.556314092635567,33.73109541512276,Medium,27.398809946997183,Average
7,12.063995722228718,457.96857649113593,5.42584753074322,82.03775074489734,93.08873720608084,19,28.68228265740757,31.191190553670523,Medium,95.56494672664894,Good
16,21.977868435893267,444.05072656716953,2.94209976415715,31.316199481728233,82.67146599310183,2,17.486541765360478,12.211151592428793,High,95.36326078296895,Good
26,5.116776097264095,282.97283910948295,8.812575622745644,79.85932723827513,12.992992453570128,14,10.043543851978875,11.113714733201242,Medium,35.23270542525393,Average
48,44.07354981660141,256.46790643215195,8.532996893227857,96.77558771033888,56.49843576752536,1,19.24852895791245,64.81050345341234,Low,4.310010894832406,Average
49,8.803265345630686,209.183749942526,19.918648832676627,85.6873936075094,86.65479817490869,1,6.656675622290854,87.5118044558047,Low,17.909493932818155,Average
2,31.877513701494376,290.6707313321474,10.03434232155756,11.76439881593252,57.18091636071537,2,33.2715036200683,79.05205102716735,Low,39.221779343354015,Average
1,49.38156481400668,117.75066541329471,8.004251890499607,73.97303320855406,90.71998215606223,5,7.244636155849191,14.110759402135109,Low,94.77796979692297,Average
48,29.146579069429965,440.8774133388031,12.448550120900144,31.966683244054472,94.29838168160425,14,18.153701457517343,54.55821217920664,Medium,14.119906353718491,Good
12,46.58187915983449,114.16894736741803,3.5978130939398323,98.84159894120765,42.23845221843059,9,20.896437832655785,10.559154597664,Medium,76.35158436682123,Average
5,15.625243990283195,231.6205461479484,19.309983247186636,48.53589831598871,37.73136614063236,8,34.55911496861856,4.5294643613077445,High,10.868253937469207,Average
37,39.19799340219135,472.635795327596,13.429280820638596,12.243389835894103,93.63211539691568,0,9.980654709285822,65.63858593847672,Medium,98.12575773912768,Average
32,28.906958928809033,394.0850618093811,15.58708075893526,72.51855480273908,67.5140061149668,15,8.432945558370758,53.515233368035034,Medium,38.161649910913496,Average
9,37.42322276261592,212.55638423101072,5.068602887130516,32.30111983862138,11.602268134816928,5,5.261184411876307,8.202368521147086,Medium,77.5234538899056,Average
41,7.805361313005865,201.05963758435405,9.37060135409367,99.70781570816617,4.22917492226812,8,9.66714310607907,3.4939246405988444,High,34.259108281113186,Average
35,11.6482591357802,102.03285592721039,9.608404041131411,97.97824578545219,56.46290509972631,3,11.218189372030029,98.97564134093346,Low,62.76688771588087,Good
19,10.990261786436522,378.28571713990004,16.792515990219563,65.61340180205806,93.01709654384246,1,23.91742824749277,3.0021332149071878,Medium,19.201608474003674,Average
48,35.9224477431499,119.51343266926924,2.02226023566937,12.982644895171758,84.42487024058184,3,11.591203711742011,44.45282530501596,High,14.602101929696254,Good
16,42.99983026851329,313.04100776030486,7.415355950358592,68.68609976750291,67.58477464643364,0,5.615624441879756,50.46190246076956,High,93.80641395681313,Average
3,38.73273044038643,484.84878903681994,19.66225473819747,9.30304864600272,13.911584889108752,18,29.79855036507466,11.728014780044504,High,91.76472779044335,Average
20,6.371246873011737,143.78754402178157,10.547957783111935,2.9364159102392318,25.42313837486956,9,15.967871030119003,16.906177843971626,Low,88.74689402128824,Good
24,44.02467414836255,457.79197238722696,8.88547304439215,82.2958446221486,87.55112265526162,14,15.610900597422019,35.18050064103525,Medium,62.543345016659345,Average
33,20.936600185690644,496.59013405801926,4.156922036317634,20.975294768368137,18.280723665690047,18,14.074370875037797,76.16758762136627,High,80.82682112162783,Good
24,22.872372462683714,124.60681049569402,19.53496331530428,37.90271262190974,27.843940825043457,15,34.26119831439263,50.70824240602667,Low,6.903693691137491,Average
11,9.71911249396164,453.1625076549845,2.3604744066648404,97.34573899761732,12.960065119544195,3,10.103462519278445,63.790187455296156,High,33.47890418906792,Average
49,38.18323427422186,306.43160817744666,15.269244050130377,33.684050186110326,67.61082314144112,1,31.947141918597055,98.51745550906747,High,31.37031247571562,Average
8,13.202774531418113,462.605487777832,15.834796486193152,29.648978128331528,94.39823053632097,12,28.304099964196638,76.80054353132097,High,63.56453219526132,Good
36,30.378429140847636,328.52757676782966,6.385820889149599,91.82079996227752,26.896803159538596,0,7.294398664979393,43.43614981412177,High,35.59577734706405,Average
38,42.8319493645069,364.84480404262587,14.08805198503467,11.074844531895812,47.54066078500737,16,34.60187304502546,44.64419217965487,High,14.85067816436808,Average
40,9.014194792042527,317.5115631989597,3.672724598829019,75.95824101146317,63.43397397112043,12,13.140978906170316,61.8772077041005,Low,59.646707541354374,Good
20,29.09010038069856,445.7971521229394,6.626850795777438,98.8065566652774,99.94662482156306,3,7.9574878106723705,66.53652084189044,Medium,81.43839206690815,Average
35,15.494738519741055,393.5639675814807,16.18223578926077,90.12960107746488,10.480806499757211,6,29.879427023772784,50.07109258366713,Medium,38.21234944599732,Average
48,20.431708892521712,308.50412487216596,17.564351456603724,65.1667918706426,49.85707995057091,16,26.200266010330996,64.486122281498,Medium,13.22687150984817,Average
25,26.328647364375026,447.2643216206188,12.952755427876244,31.406079499273197,38.51201199025,8,23.516564176337024,2.353249441409877,Medium,19.668819731282305,Average
35,20.979693647568716,198.11421290213383,11.123091772768687,25.43219811783167,86.58201652223552,3,9.679425910967995,42.962286389684415,Low,23.7483305169384,Good
25,34.19702781312092,162.9362638810104,4.867472371141646,81.92551048714611,47.59677310116559,18,19.354883487678855,27.893807607347675,Low,29.989759299453624,Average
29,26.581194578941258,164.16004213202882,3.135962595424703,87.98219139516952,11.097752458514808,0,28.416680806616416,12.917444524311039,Low,64.27950705063091,Average
18,31.288976812137616,233.60355149809516,4.1176825125240555,52.54349125456928,63.44241452865836,9,14.108718144315208,9.954651280877513,High,60.0945484537719,Good
46,38.15701139277108,195.476012520407,6.092431401729778,24.433994078646613,77.07806182638798,3,14.350694855451243,60.319216561466746,High,69.60798615670392,Good
18,30.098401967769682,472.03614020389546,8.150141034144575,11.294320841117356,0.28812516656145926,8,5.094227181443664,52.36005471526117,High,36.25019845315131,Average
2,31.39409455973416,142.3336375314336,8.85637145919777,8.717946783183116,85.89566854206295,12,10.227302049361386,25.358411699636918,Medium,82.39976518799783,Good
35,30.40063441351886,379.5962952158351,8.233791834602064,71.90774473538556,18.60230000056656,13,31.26216875365503,47.09500587725145,High,20.40876611557603,Average
16,22.04476816780802,175.68861591400236,6.302995979550781,42.0118727847725,55.20693646533778,9,18.252394749131213,49.22323151824083,Medium,46.90407475181539,Good
41,20.185107524236315,452.65485310814006,11.175036441530567,90.53598742778703,41.579750068745014,5,34.52703497703302,19.500898043861582,High,80.09387215414303,Average
36,45.48413287152555,484.52611527396294,16.855149948192143,73.96713007267637,71.96538166105304,15,16.871238907213776,65.20930618816506,Medium,18.015864773261924,Average
33,32.33998500321078,286.1880035079934,7.034663692486626,19.12604179145867,37.116161478574185,5,26.455593643407237,78.09193563860904,High,10.986311374078294,Average
4,15.995891995909453,451.62859209125264,18.962966343840197,61.377741881569904,86.97631766817108,16,13.457571287141874,79.1463540889519,High,88.36839676879897,Good
33,27.421146403202307,102.05806830188591,17.72005991102926,43.550545439815934,73.04963609587902,9,15.914289234228004,60.24698307034551,Low,34.29296627591959,Good
14,19.86568165764113,427.97876696324005,4.911755804337973,57.72497307686131,64.77131710629214,17,10.72177962772684,51.16385825190141,High,68.3870124909032,Good
21,47.016132069194356,191.4500646099694,16.1529672216277,73.80691233385171,79.62405955628543,17,15.41187105498185,6.100714300539489,High,2.534860426393848,Average
48,5.339046341033363,463.4805237077471,12.3425728817198,80.61958810037908,75.40230349283823,2,21.417125612619294,28.783129885160584,Low,69.00468884094497,Average
20,15.13997589706377,100.4480445920438,12.198356519085534,84.37373264067243,3.5938674921553337,19,34.75318642937748,9.327144677816989,Medium,31.61013115469705,Average
8,21.441056885332593,322.4726940159028,9.03876973504714,25.397487457202473,39.47343538448281,14,24.92605139215357,96.38231608784736,Low,5.574085358744174,Good
7,26.951441036393206,402.65432151397385,11.020753985276174,3.1115599917357684,93.08072973164899,14,10.977378632249422,13.50801462257607,Low,60.9812761548117,Good
3,43.28678830262658,203.47533227916318,9.149217993725799,73.92947351647732,12.572426899222622,3,6.348843247746534,15.177540985110205,Medium,24.080381607317324,Poor
17,8.954943104306475,177.25314583491723,11.71518713767897,10.634372625577459,73.70965504320512,8,8.790694439435319,88.95766183304922,High,38.680724205188,Good
33,41.26391990335146,133.63928978719386,13.303100949907446,31.491958861296766,97.45918113353297,18,21.87665603819142,94.39282834764579,Medium,8.058081228651359,Good
48,7.504407021063891,230.5734306013172,14.13746851536287,0.38171341243471435,5.219862904497163,16,27.95480986450299,76.58290392349099,High,14.716325109494532,Good
12,42.904131588418174,323.9377249235318,11.58466146606967,68.166948240162,68.21938806266104,10,33.21257621902241,0.540492367266987,High,29.797723549584376,Average
22,7.323596504353078,146.33754271210307,14.98559721191717,16.713201147122124,46.815414130103036,8,5.474695159904624,0.13462709565637,Medium,8.975950056015714,Good
22,5.820911664276247,250.67814479471951,4.543004886959104,65.52824096916582,57.917525537472216,9,20.682804246856094,37.81007697874508,Low,91.08262646863152,Good
46,36.36326580648897,103.62896186108999,5.815684836240294,99.17426171678389,8.534133648432485,17,19.126020686695306,14.339537001089253,Medium,0.6047043183978418,Average
30,49.87649906457774,427.4717681999367,16.73723007333686,7.267087161001628,4.3006951866939485,19,24.68165065927112,1.8386142151597284,High,48.38602188643114,Poor
38,45.347461833830934,151.37948723727655,7.805503601235474,7.707801195146069,66.68666605509218,12,21.78736563396026,46.406668940450466,Medium,12.324745813255145,Good
38,30.9199288012547,213.33717930623266,2.4120888495701642,34.03800926666749,82.33094298207179,7,25.611174517474417,94.30618974069715,Medium,30.767908947794854,Good
45,46.282802588848924,107.37108749528699,4.768240694024559,86.6386514251342,78.20153349329672,6,24.74247754247571,32.38195749024314,High,92.60595598182655,Average
8,5.2385002878922435,272.89631355700493,6.025059820933603,21.552986879133186,54.38057278662374,16,8.510351745738387,66.11406784286964,Low,16.169455327398687,Excellent
27,48.878022332531415,436.0486010964875,19.23181198210257,36.037781993034756,9.986682113617817,14,28.991537408561587,65.22353531324407,Medium,96.58323197183326,Poor
27,27.0836950666453,256.8604845780786,12.314745720755287,6.8505406626979575,68.80444438360138,19,8.696977271489745,25.108010366516776,High,20.579437698942172,Good
34,37.53032434797991,171.79892936953337,18.78915332857259,76.31552912588894,24.188888355414594,14,25.955918756274112,65.04252488238643,High,74.15661084668295,Average
21,41.93876629190086,401.4795336202077,12.35294030893925,40.83063427594511,91.10687027673836,0,17.4843610292182,21.233397428689127,Medium,54.66772648973117,Average
30,37.33057718764491,415.5227927482977,10.628379922481333,75.92487330608428,83.82653595457049,13,20.415522037297936,12.200741357688905,Low,88.44787275967592,Average
33,29.076652942020974,169.50139012302674,7.647098441493728,90.3607844346795,70.93829670873909,4,32.098940431271316,70.13832855596901,Medium,55.399325550313094,Average
28,26.44787678568854,408.3416434163959,12.914676999800761,23.276314710128876,94.88459558311304,10,31.696511794204596,11.344081710391674,Low,53.45592191563087,Good
47,42.73621514161812,478.9191553025352,4.505564443115537,80.73960303399514,3.142182151127293,15,29.535689169650887,99.69092185893554,Low,19.54580003683999,Average
33,14.22849020672566,166.55103477290893,18.16870929126871,5.909389007825327,73.6200425060762,1,20.304451413689698,18.345240115022932,Low,16.62293620516587,Good
5,48.55973299269054,408.3937170128542,16.927983292543107,89.88473881802473,33.02427793364053,7,27.087194304014993,59.414186275645754,Low,91.64891511155142,Poor
48,36.992861547653675,383.4288018410517,7.715566061781267,65.07685475587473,90.60658856863652,10,20.38691166556428,41.137457141258935,Medium,32.78381988500341,Average
19,13.977811730224388,289.42955537403543,19.1503554968233,87.42267241383516,26.66751966619776,17,31.08818247424332,12.63864224056671,High,37.20822549628959,Average
4,38.13112326643197,123.16818422351932,16.853613813480226,0.018839955658189744,72.48564993150171,2,17.083274996986997,2.7843907577413396,High,75.98236584283885,Average
35,28.84280104315025,129.8777671031416,13.993523945030715,16.90810703559925,87.76470196507815,0,34.1070603324463,62.273228229283326,High,33.882348242280734,Good
49,36.825354304,440.96586367945906,4.191714400254947,38.975938742649205,4.165681838268243,10,32.969682746866326,80.67575637891261,High,95.20624466390028,Average
17,39.55007756492775,496.0593491002588,10.608212414865301,37.950290337471856,39.764757959203614,15,27.248078583553564,84.2015661506744,High,73.79277689988002,Average
44,8.928058081535395,370.42090287470177,11.109935987241515,22.673038292351066,76.23090320219387,17,13.38247652528216,48.271347307693446,High,59.742924257342,Good
28,27.774678036170616,278.3833228041286,6.185924450576842,38.16119398672001,45.49188895075871,15,8.949607663797751,77.74554671823856,Medium,88.08951605447525,Good
30,46.94064540156204,359.02945736076305,3.439377098467435,12.884871200025483,26.72526297935953,9,30.641103502795925,67.28471334885448,Low,4.960590834948276,Average
29,19.428898647178144,337.75834369141813,15.98102534849047,41.27611292660261,21.980534882319002,17,9.959068584138837,72.42545274991332,High,25.706269218920873,Average
46,31.724739390105448,253.44490416224872,4.19663093823911,80.23543291592642,13.15182669163779,5,30.627823669920073,49.25990052218141,Medium,46.50363342209099,Average
6,21.615371667945325,126.25045782960518,12.697233510111944,47.90700631033512,85.71295598562823,18,19.722950201370814,63.34117402421271,High,22.6978539471521,Good
35,25.442058749859484,428.60517896297637,18.85608512990589,1.8000088945214987,57.5355403251556,3,17.196703514243126,80.55259135760569,High,74.39051873021519,Average
41,29.687140307216893,248.73341169548985,17.769893466764763,42.14440415792474,7.638494499145598,12,32.095723365032875,39.7884175557023,Low,91.92080310537251,Average
37,29.70148909500398,427.5142573428375,6.9995472274867,2.717501609084416,38.25803235706354,13,23.115529476208337,80.59789008675837,Low,42.37701199309234,Good
24,14.077870804860613,201.00349987535287,17.326075475922778,96.62434107067982,36.77336508051099,2,22.298420213891532,59.201684278906285,Low,34.2132600111895,Average
29,35.8057196545925,100.41179193825336,2.005985110168809,12.745395942286898,18.173919070946297,9,21.76297833873193,16.590102437078624,High,96.15507321375662,Good
49,8.954065005919556,163.5753133107026,2.31838057303863,70.76883263306188,43.550762547219065,5,16.135085480585943,2.4684157224584613,High,44.485243282754084,Good
46,11.247114804890916,287.4157667074337,12.845956949171569,97.27763228920858,33.209936539313645,0,28.569293105873818,36.275360039915206,High,48.90484004492832,Average
31,5.121990473644836,477.72145398313194,8.56636794460153,82.60390516665719,34.18037054921825,13,12.58395332047319,54.66963282963398,Low,35.164987234190534,Average
35,10.25132288637566,140.8774478774876,8.956295140864649,69.93153751262037,73.90265577879586,7,33.16684880123825,83.98203522034883,Medium,90.95484730121383,Good
33,26.29247904733515,441.6839097846264,12.159939632219885,83.9460909500767,22.32633855051963,18,31.819556151408822,12.74856801402462,High,56.89554832818507,Average
21,32.27458464751274,310.8096384847448,5.45208420065349,98.17986932606276,64.18599588553555,13,15.124409770246945,80.02063476835791,High,76.21745871816447,Average
32,40.74302524849081,430.36830631995866,5.81159631197861,62.13444972535296,57.06496238809349,9,26.88391309494991,86.3009046067227,High,81.18067183508863,Average
23,9.801466255104623,219.34977239599704,10.722828566339565,55.918480682932646,56.809251233786725,16,22.196695833487745,15.068748700083379,Medium,34.18490419172582,Good
33,43.28273570074046,435.97886586898875,15.576563798189534,62.82381104632814,66.30073461417759,8,15.129479059977038,85.1594319304219,High,43.369433132038004,Average
3,38.568853649692315,409.1291120067218,13.150959525336578,53.2675886761555,54.8382036195654,5,34.6556494398634,99.1453567842792,Medium,84.84717744062647,Average
18,23.38332318211626,192.02147321257357,7.3523908682631,63.50891059097188,87.92551148463846,10,5.757120375447926,72.68388310482375,High,36.32553516758102,Good
25,46.98221301949796,152.53405056375124,9.746069195160581,44.98422079725592,67.55800919502597,6,12.579380918638599,78.4769681824988,Medium,79.39351334518513,Average
42,49.59182644058258,447.22172901291714,5.071965653899971,21.84431828833071,54.696325137138814,16,20.60222183333451,99.44152675588734,High,94.09923225744372,Average
31,14.225081452395676,485.2946613760528,3.3433366580674706,12.024722651167563,82.97631202876448,0,20.658590104356918,60.548125052594536,Low,62.3210373068007,Good
3,22.06528632337102,112.5209254990065,16.088528733394686,6.834093553226039,60.61465649334797,4,22.667992248366925,30.78863820162494,Low,74.16272874518889,Good
40,46.690224061537,392.50802678947423,6.776973365387502,26.331578375320007,29.1144247785179,8,27.55028516068758,83.75308340760557,Low,80.50973120411349,Average
46,37.47184478380747,463.80980437912734,5.1997949813224675,4.6123564335733835,20.70949181765712,17,23.70433491557889,61.44857775116313,Low,84.50396488966425,Average
24,7.1642589783839465,442.94403683699943,14.449125000247747,56.71707799193856,15.232778566267879,1,23.008443815841108,58.11954237209566,High,39.505333785679596,Average
32,40.16815167881367,485.8081889080834,13.124930137169347,28.382844702352028,89.94552125461016,10,6.605433887391299,25.363555551403827,Low,5.126345917599817,Average
47,42.257339922987136,404.03763137523885,13.397413268242353,82.45348080870322,71.01354317980658,5,16.29590863367895,75.63342695828867,Medium,40.187627123673956,Average
22,38.772586614439106,276.9195049523641,6.120102887239045,7.424087298838645,93.73784381643208,7,11.96167219103468,8.166727586009625,Low,67.37562297840898,Good
23,40.9791708913782,224.78079619805217,6.187619694128258,22.635149434148595,60.3291805714943,3,12.961103348059263,92.42870707946612,Low,45.03503857807928,Average
2,42.13097045117588,228.29709617525097,5.9744473361415045,73.02461470901459,47.34008814949126,17,21.630124230210345,32.58234607704848,Low,74.89631508603985,Average
27,13.388224405466485,389.7690690456468,5.127546721921301,59.88082963834914,5.971648897088933,10,10.985159447888254,12.777465278999045,High,35.69824294686639,Average
42,15.60612857292499,398.3348048123857,13.803026106109813,6.449127124916753,67.16422815460298,4,13.818473030506926,44.23665331024188,Low,63.474414110402954,Good
2,33.519135367407976,180.14365741948507,17.264285934489223,87.72394571622004,58.220875976823116,14,12.112541255520203,4.246990925653316,Medium,18.641980485397458,Average
26,45.853975870813215,447.2491253962124,15.037714454179902,87.72617628261796,99.02088935876215,17,33.45508829654584,68.46261942649663,Low,74.93694366449569,Average
17,19.228846203342258,385.9696160808991,16.257685407689777,33.040800387577384,23.915877778224303,1,33.339971965132854,90.27055104453562,Low,54.56959688130259,Average
40,31.47380041077755,325.1001145373531,9.286371723533597,34.04058433495647,53.073735528683585,10,23.29824675788155,83.72630071385088,Low,20.40643885466006,Average
33,35.73419285377096,288.6129840410051,13.773364316695966,98.90283583501738,65.09573351180727,12,32.735674061957,12.736947344788108,Medium,29.191117349780725,Average
9,25.337687058456765,317.2931223159833,8.376252328005942,62.61761715931382,64.45911747423436,3,28.574379364051193,12.627113710773186,Low,74.86087085818323,Average
43,37.12021046848967,163.6982953117058,11.45908319543552,53.13165205680591,56.12935429484027,6,22.698436484054263,81.34344823242641,Medium,48.26012356615207,Average
48,45.48503503814779,181.48049971050966,10.669427237627522,83.81521835519244,77.69280103272254,10,5.193056344903871,92.4254274603116,Medium,21.60314403930722,Average
39,33.084569488182694,136.46579616247666,5.183968612589379,28.529033835731642,20.498120952681642,3,28.175488582382123,46.066982983348915,Low,96.72711903702977,Average
29,29.290147786158485,161.46321526444507,8.967417686041355,42.91825933963569,72.56272002744159,14,26.074650247654066,49.897111691376594,Medium,71.51250198168879,Good
42,24.743510392475258,281.47745384211305,19.348800958682318,26.777667548833417,61.97345714330892,0,23.45760959847242,31.82620413857259,High,95.71348325397962,Average
26,30.986882190775656,312.1417574913024,6.474444638868958,78.91608465887315,89.60751117945733,2,27.81272935047415,89.4265118256414,Low,42.71050453603432,Average
35,20.991310331827812,107.14475699132775,4.408467253030797,57.3349345635218,84.71944390335817,13,20.38766494324297,64.4902905292356,Low,47.51003406917205,Good
25,22.616694959067587,418.719131145611,9.534451189230836,65.88250701400705,31.514703913255325,5,26.12249813964017,28.82515771673685,Medium,89.79552161850192,Average
24,28.93358658596783,217.66718933739116,16.226079245482666,25.230724983940654,27.623732497515306,17,33.0551626017948,29.878287105425162,Medium,52.504934024538464,Average
13,7.997860057586763,464.73441398396443,12.4786681360395,22.02253013773151,98.16533238524478,0,16.27415047538259,89.12000730636024,Low,70.72789119056672,Good
7,15.306142591615835,487.0045054455111,14.257546890288403,48.83746289829387,52.726518091525655,5,26.243655047018763,1.3634023905821469,High,25.217287749552998,Average
36,29.4282189776034,174.18354987066175,5.41450726714419,73.75657490928268,90.64209639144369,5,19.27063454032876,32.27265727266384,Medium,44.67264687026405,Good
45,24.41876644113992,284.83891630626425,13.141067474138987,52.523975752016014,16.38810237804822,15,25.231989554419446,55.43566812163691,Medium,12.34498658103551,Average
20,19.976710366061795,100.49273406657035,7.823007108406528,3.2645677545668605,64.28189148001742,4,27.886800066630922,14.821746209932464,High,20.59800358769617,Good
1,37.87471115641856,339.33090604897075,17.017460587185816,86.85515063202888,80.98601873605861,16,6.363575013073879,9.20987541995898,High,0.0943415267631087,Average
8,36.217292333150226,342.9225793050685,13.32737850819325,6.468689351513158,94.73952495864468,9,24.398013318459856,81.527633109056,Low,3.926505164866023,Good
46,12.502884199702242,199.01598224135006,5.579412999955326,95.58244837207522,33.73401410170235,17,11.802235532208337,89.44043886485072,High,97.72838231769293,Good
16,44.53831019180472,323.36506903327916,3.1631002371935506,2.5141958277272725,72.49811699240524,6,25.100976134227004,82.36064207981894,Low,24.23536951367623,Good
14,27.294063188178455,190.2160569774942,2.7673977671665893,69.44504561307087,53.8813009039619,2,19.049905578014403,89.87878897373477,High,66.33107095040019,Good
12,38.36574100125704,164.33018763127603,8.685354217702534,8.220706371178165,6.06289260664682,12,28.206582255946618,55.31119710583715,Medium,83.90996987996115,Average
23,30.79178821658249,360.6077867209059,6.785320459777642,91.06765794351396,68.99997373089434,14,8.702024456167893,81.22581209903419,Low,55.066045923656425,Average
15,49.89616771657295,230.37018558082997,13.629622222325144,46.443323622554274,69.00965582378434,19,23.78967054968585,38.404263839110044,Low,15.31445000839562,Average
28,38.85814040174702,336.10557555424896,10.988009029615128,13.752377481701538,93.0606804846537,18,13.354121867826569,66.62678614790384,Low,72.81164373361663,Good
34,36.814120755955656,273.2986995886622,6.7883470040968525,34.08156997898466,49.73124461689724,2,30.589459859917746,98.88355313891644,High,60.025141009958304,Average
2,40.0357372572838,493.7405629611616,4.68628000310317,16.482467534676204,23.025092071051468,3,32.85150516908922,22.572772383912742,Medium,73.12505893473751,Average
32,11.440759349681134,159.83225706702632,4.289595728374093,17.058191155709,4.456382344867915,4,34.89194881037166,38.98997462910806,Low,76.97466228570872,Good
23,14.204506692625847,285.83943865432406,17.56388705852752,94.81083201714422,41.56421866859057,0,28.880222072818498,48.00473773100856,Low,97.54103676847451,Average
22,37.132883700062635,372.1826505437301,6.3826034312876105,44.52461122847882,30.191670007750183,3,27.612022112840137,13.801548702005173,Low,57.356328002671,Average
25,27.22916692088882,258.21803355198745,13.73079166239743,78.88022639053595,76.10883060238756,11,11.465022766026532,8.103861046505678,Low,34.164111269060186,Average
22,38.95858813370525,489.87994074827594,16.592346703752792,63.960556117768185,35.426776484104664,9,15.080211769703261,82.97228663216244,Medium,64.8464556900237,Poor
22,9.631221383486526,388.75505117077404,13.05346360132525,67.64263623383923,94.90711963148439,19,18.970476252868387,97.67943728275861,High,6.844070924262613,Good
49,29.141660816806763,362.79354302579725,17.472174169645022,13.169343847203852,96.23102029877842,12,28.20143143346749,40.47250638296587,Medium,89.73973183215863,Good
42,22.046970450061206,402.8237070444893,9.063086987512541,23.418444681548568,62.090859021770804,13,32.448975952339055,8.764983619465328,Low,11.938101133819679,Good
6,25.565009867675524,481.0594552154868,19.21199943168107,78.67503351544369,92.86602870148829,4,10.674173000689539,6.581176069057648,Medium,32.784283788581824,Average
15,32.178104243263064,463.12746119385605,4.396610075205745,97.0766206474783,76.08543445144956,3,32.67102454010309,89.13182063602987,Low,81.57453806261209,Average
43,27.602975635813856,389.71412325056474,3.8386915338356857,26.26756425986517,54.68596409751262,13,25.86873957062174,46.381424972767995,High,59.731237833071184,Good
37,29.293728670077652,399.6646556405132,13.856458631733984,27.156876475103985,18.030793542277813,9,23.32312192055116,32.00273165623919,High,39.363552027744205,Average
33,26.88608668980235,158.3688296140582,18.97096054543871,47.289713281090485,45.859794351384,16,10.995238138458186,47.646127123939955,High,47.34356593750214,Average
8,23.402982968847194,141.11696179706627,16.559902309453904,98.38403128554378,56.087446336261756,9,6.665750984274517,31.830409469234734,Low,85.45473932021804,Average
44,39.734689126921026,328.3618007376657,3.3755034698849258,26.895894582647106,86.39615807350101,6,22.053946955238196,48.903577530762,Medium,34.00043860598922,Good
44,5.549138254312004,107.347054776216,7.028618850824895,40.69719096342639,48.133337653566485,15,24.545470499866774,85.95563969179368,High,86.96496848121713,Excellent
5,31.929921554235214,292.94255262063666,18.745739927080827,89.14800156235067,89.76746726779567,0,11.323443480640647,59.23013710620957,Low,8.813443097669149,Average
39,30.447875629533822,184.13983196754742,6.555051790414122,0.29210326213620075,67.43489790234689,16,21.69368617476369,69.46537728101754,Low,77.67984372086308,Good
4,37.22805836298285,238.40662705793582,16.061067628164547,3.9765964988569547,13.699906305367138,8,30.694802082877207,36.46706762343366,Medium,84.75476330547363,Average
6,31.95632141497969,410.3218943171824,16.852379526716668,60.40716770712192,99.4981369325093,5,30.0519783636506,73.85058785105187,High,18.181765283733874,Average
45,42.205947251408524,476.4950016929546,10.918137862297673,90.7380164712847,52.723266075391265,18,32.82065541758892,66.66170848793723,Low,43.03465323722004,Average
32,48.15836575538125,128.9665088585366,8.95428037726968,23.885666040192767,39.18582964090789,12,15.976574286706413,11.956199775205645,Medium,16.54997746636556,Average
30,20.413591573034452,313.696882390578,10.102239783555673,46.9641774680709,65.91137644695266,2,14.54148717652756,57.26428531155846,High,70.66041289942177,Average
47,15.230794236349416,453.01339432784,6.0853644985765545,45.04653016578183,10.889331398103907,6,27.48278017942426,25.6743496309758,Medium,53.534776806165674,Average
35,24.06185880892173,133.00341377616851,18.009036490319197,47.297134609551016,63.653864675335434,8,17.93337215291015,80.40956696335928,Medium,63.5323346708321,Good
40,17.956832741407673,429.80561875873354,10.111153821135643,62.25196957297452,49.82360004992729,4,7.626459920833418,42.59377084669394,Low,19.648696695621116,Average
16,32.672761841869445,243.12054037130855,17.884269928209797,46.974376299068375,40.667406999858315,9,13.484033920114992,99.46841651964871,Low,21.17458620524195,Average
13,46.03335839793341,228.83788088773414,3.9024826383129336,44.74681413224578,95.30200211788991,16,17.557468565944674,9.250043793896378,Low,4.149732550990636,Good
42,11.260228736437785,490.9865545259143,19.788954878002365,47.42884204312605,52.25397167320532,11,13.77549276428756,78.03478627401586,Medium,32.20675351957297,Average
30,9.535757135714892,180.34363594491765,9.978915573985129,59.086744127104154,21.91174794699384,15,14.966167128419649,67.37017335421565,Low,55.97446613336749,Good
19,16.5206989334148,377.27757632907236,2.860954767093898,53.70074883513583,45.896347937729864,2,13.813277185231723,76.74988305907054,Medium,85.79349139973289,Good
17,37.67430137280803,428.5762912039466,2.6843932682741887,85.41359976505044,91.93874045726727,8,6.2449750154923835,30.752979549045634,Medium,66.69274474586807,Average
19,31.68333073664697,116.47339811170866,15.431730634673094,4.9496853493666615,17.609547133059465,14,24.112841024733275,49.20544893824006,Low,43.53963233997514,Good
28,9.599569890133981,368.1541833417649,13.862639615666254,83.33170714730124,21.39570386882369,4,22.91877261060408,79.65085197237084,High,95.31201143941378,Average
26,46.343773501733594,480.61998974213077,16.438350046296577,84.3924612611724,1.3029567757083749,12,24.60150495436042,23.2541331620855,High,71.92452005758318,Poor
37,40.553808670583905,149.68798669122373,3.8966156111505073,28.490802153096084,1.419004939576718,13,10.769296881008824,22.60331967886521,High,93.016520286255,Average
26,6.036017215443688,458.4885210740153,2.6402756066398703,46.285195501585065,82.93916269585125,19,13.869636248374558,55.10509532949324,Medium,52.75879732721657,Good
23,34.31152449447107,337.9106549507744,11.154427210056411,43.85384885374355,73.21226068429559,14,23.58847780834767,52.356357952985576,Medium,25.89042747931396,Average
9,39.70610008338821,346.64183274498964,8.976714166689852,21.850983435413028,35.50410564519583,15,22.988827053797642,28.226247041293284,Medium,5.282668636472199,Average
12,21.849591637418992,345.17766994624236,10.315044860077204,39.67968470863165,69.83111572275727,12,20.189909280628036,29.807565052482275,Low,72.60848514838504,Good
1,8.101469271524845,219.53435453492554,19.848591359664933,4.438777217085443,39.52059263099702,16,15.512397500305923,27.78451632065655,Medium,12.130299800553413,Good
1,8.479447946995426,474.0807261197839,19.473499238072062,27.782207278173445,95.28967959978274,7,32.387930143240695,77.15120619984876,Low,30.277512827196716,Good
47,9.691113472331427,478.9401850524155,18.96167701411747,81.66821754507181,96.70526814260349,1,15.193107268965313,65.19008655624606,Low,53.24709078838974,Average
34,42.81978343911903,350.1218640855791,16.109168181818127,28.456230176289754,39.27937758093434,4,18.66857469311755,83.24171834102528,High,56.441658777974766,Average
32,45.980878921507085,413.3690903766459,8.387144484624027,81.82066687482475,85.4221906340868,5,25.343414928626263,97.54730283140218,High,60.0583196987136,Average
48,10.526485183058021,344.9031943524632,9.418356744729888,53.15994646044309,77.30890416974661,11,21.290642926002924,47.41642962719864,High,16.625533034970065,Good
25,15.615771556778654,293.75937902961624,11.893088786940641,87.98626773611599,30.99999371717893,17,15.406579290931568,6.669388140544886,Low,37.97374048216488,Average
40,12.448422966528039,364.32804731970026,16.94962021528712,57.47795542644152,23.2039828901106,0,18.069343713695297,4.809231041203543,Low,61.71942271169667,Average
45,13.384439577235431,321.2005810367834,3.2368309853288197,2.966822306473982,45.823465039283384,16,28.834424535605184,29.566503927161914,Low,96.98188646337847,Good
1,42.687085505112144,338.990345052772,9.637343945927986,67.54202075470891,78.13488406144063,10,13.343874664598372,93.25445893524508,Medium,72.76311376996887,Average
16,19.946588569472254,413.5330213675448,3.4871179422668366,4.485356802356866,96.01677847287455,9,9.267657193304462,52.32130549708749,Low,92.26037570939579,Good
39,19.014991882053852,292.3615325795939,11.263836558323208,45.0597018983134,76.35790688665726,18,14.394896054893312,27.178651608012917,High,76.2212058314177,Good
5,15.232802939470067,116.30164243698911,18.180214832112238,92.9426694473114,85.520698501837,13,30.48602646463704,39.916679451101956,High,59.171696889240046,Good
22,32.355247720741644,165.5997923957989,16.084728642150882,16.520393933785016,60.30643061705165,9,7.6696914456903995,59.85951074046708,Low,19.202336913634454,Good
29,22.068756427349697,275.44288659581537,6.10116351577598,38.98723529415441,83.54078308421259,14,34.75088220117355,65.29496581378422,Low,66.66856518925131,Good
3,38.491234332948,389.93062394962334,19.567835292778263,72.98603088484784,78.44208580034177,18,21.230086967829877,15.391950978290502,High,62.337956595990704,Average
12,14.251091376903688,337.3114593240715,14.012307164835711,88.22585560948475,37.69855419262801,3,34.54537231901282,97.7031676545176,Low,60.24691704572665,Average
26,40.45054499215216,360.11767434938156,2.187698589153255,67.09430047425079,55.19903021207211,1,33.16989266257933,54.47722269827888,High,48.978586798824075,Average
16,32.167468927856255,291.71157143051494,6.597442724333951,25.81732541911692,80.47531219896949,8,18.584411426327502,13.56883177922793,Medium,52.86566039892756,Good
37,10.142028502505948,346.29680877689714,6.6928393985584975,67.46078529162162,4.605673418995638,9,10.954732238160473,89.36352533461337,High,33.44425271181041,Average
22,23.652706289163245,231.6069751258649,3.246577513145479,29.672764110409,80.80792823558299,10,9.946543296954154,7.46384310794288,Medium,51.931269264230316,Good
29,43.85831632758306,288.07303707866606,19.276877325366723,71.84292298187353,17.788812404902345,13,12.199680916098725,90.77354331775128,Low,19.755590567847825,Poor
14,46.53321043093182,397.7116262379822,10.608595302366627,95.40331275850406,51.468361712143896,6,26.303979216936117,99.65656562889824,Low,80.51743973603767,Poor
28,25.956505504346595,448.7331115892485,18.124662752693876,72.13934511062882,80.82754395559377,14,13.188499841944635,70.04317991565038,Medium,18.577695469870783,Average
5,26.63766401400831,273.46213358255557,7.79987906200331,86.28805029124123,25.382107815669485,18,15.24275808812895,77.04472210739898,Low,8.496628988946641,Average
47,46.33046262226855,117.46466308294447,4.254204267790888,0.2103843175883413,24.580743930615302,14,18.463364119838445,33.73028364674864,Medium,43.62460263571574,Good
49,31.418070086145526,164.66901765872106,10.53804997831185,71.75721247315944,40.27643984622519,7,32.396980412643686,94.15768527339338,Low,65.83074395060619,Average
30,6.4781001609547255,108.34445571661524,4.051219424857709,82.95875568652504,89.46427975776345,10,10.681802536545383,52.97139661083676,High,43.771682493354135,Good
46,46.0737258295608,361.30520769493205,10.748279053595718,4.055873754468142,0.04427814372078842,8,5.150796578294093,73.23884465975549,Low,27.67541319513086,Average
5,16.170189924071835,232.92585014204357,18.56534926194934,87.15977272882306,90.1383096641935,14,6.802892311345104,92.41077159112795,High,55.817118389044076,Good
12,30.993437934119626,316.991454287747,11.373826553015828,25.669422831004585,15.380702464160779,0,32.14299025040354,97.51799759755083,High,34.700233541219994,Average
16,12.448099284258822,297.31073871351987,13.096995084111503,66.52921019780553,99.00863760674821,0,24.425493945300893,83.32043565966744,Medium,93.28676901266331,Good
26,6.524562211096774,132.61059582097067,4.8194918655285495,80.03548790234066,95.48469930384681,18,13.191218579834203,30.301750698203,Low,92.2645139603572,Excellent
26,19.016292700974084,261.3045444495327,2.7872412658394508,66.26645130593555,49.467518959128334,2,10.315775030335733,96.65475165520824,Medium,50.23718199720955,Good
48,40.122306839573945,188.22444996892932,3.9945433192365267,9.228479207325723,51.272024781262814,9,13.82800209911343,62.81195312435718,Low,32.78839940182585,Good
21,17.491422768323815,267.3599154670611,12.773568362318581,59.63215188603683,48.154934027585426,7,8.443907817538403,93.06424763519598,High,73.71324139566391,Good
39,14.904374633649368,181.43131213689708,3.710210581861484,54.95836567221436,63.54436456595226,14,33.24598730853323,67.61050258143518,High,3.671294348306664,Good
36,14.570635295355183,436.1809625107734,8.767872018943606,90.03212680742715,9.072170223493103,9,28.526185230958006,30.723896184772048,Low,47.47690060436513,Average
33,28.182815708306567,169.67733463130145,11.901654928246808,40.42397296442092,3.2617948341566505,0,18.87173530737622,37.00245241428159,Low,33.63233942703335,Average
30,48.89935920572403,484.3122205947908,8.995750375337247,32.108109708705015,5.770292841589885,17,30.948878153456057,55.04717771029405,Medium,92.05358851025547,Average
